algoName, instName, numOfJobs, feasible, timeLimit, timeCost,ub, lb, status, numOfVariables, numOfConstraints, nThreads
L_00000000,Mixed Integer Linear Programming, true, 60.0, 0.046, 229, 229, 2, 121, 51, 0
L_00000001,Mixed Integer Linear Programming, true, 60.0, 0.049, 340, 340, 2, 121, 51, 0
L_00000002,Mixed Integer Linear Programming, true, 60.0, 0.018, 254, 254, 2, 121, 51, 0
L_00000003,Mixed Integer Linear Programming, true, 60.0, 0.034, 338, 338, 2, 121, 51, 0
L_00000004,Mixed Integer Linear Programming, true, 60.0, 0.010, 189, 189, 2, 121, 51, 0
L_00000005,Mixed Integer Linear Programming, true, 60.0, 0.028, 307, 307, 2, 121, 51, 0
L_00000006,Mixed Integer Linear Programming, true, 60.0, 0.067, 351, 351, 2, 121, 51, 0
L_00000007,Mixed Integer Linear Programming, true, 60.0, 0.032, 268, 268, 2, 121, 51, 0
L_00000008,Mixed Integer Linear Programming, true, 60.0, 0.024, 247, 247, 2, 121, 51, 0
L_00000009,Mixed Integer Linear Programming, true, 60.0, 0.038, 357, 357, 2, 121, 51, 0
L_00000010,Mixed Integer Linear Programming, true, 60.0, 0.023, 251, 251, 2, 121, 51, 0
L_00000011,Mixed Integer Linear Programming, true, 60.0, 0.029, 300, 300, 2, 121, 51, 0
L_00000012,Mixed Integer Linear Programming, true, 60.0, 0.041, 238, 238, 2, 121, 51, 0
L_00000013,Mixed Integer Linear Programming, true, 60.0, 0.050, 236, 236, 2, 121, 51, 0
L_00000014,Mixed Integer Linear Programming, true, 60.0, 0.051, 240, 240, 2, 121, 51, 0
L_00000015,Mixed Integer Linear Programming, true, 60.0, 0.023, 226, 226, 2, 121, 51, 0
L_00000016,Mixed Integer Linear Programming, true, 60.0, 0.024, 279, 279, 2, 121, 51, 0
L_00000017,Mixed Integer Linear Programming, true, 60.0, 0.072, 367, 367, 2, 121, 51, 0
L_00000018,Mixed Integer Linear Programming, true, 60.0, 0.022, 285, 285, 2, 121, 51, 0
L_00000019,Mixed Integer Linear Programming, true, 60.0, 0.040, 264, 264, 2, 121, 51, 0
L_00000020,Mixed Integer Linear Programming, true, 60.0, 0.010, 196, 196, 2, 121, 51, 0
L_00000021,Mixed Integer Linear Programming, true, 60.0, 0.051, 322, 322, 2, 121, 51, 0
L_00000022,Mixed Integer Linear Programming, true, 60.0, 0.071, 257, 257, 2, 121, 51, 0
L_00000023,Mixed Integer Linear Programming, true, 60.0, 0.116, 336, 336, 2, 121, 51, 0
L_00000024,Mixed Integer Linear Programming, true, 60.0, 0.110, 263, 263, 2, 121, 51, 0
L_00000025,Mixed Integer Linear Programming, true, 60.0, 0.035, 273, 273, 2, 121, 51, 0
L_00000026,Mixed Integer Linear Programming, true, 60.0, 0.039, 323, 323, 2, 121, 51, 0
L_00000027,Mixed Integer Linear Programming, true, 60.0, 0.013, 193, 193, 2, 121, 51, 0
L_00000028,Mixed Integer Linear Programming, true, 60.0, 0.102, 252, 252, 2, 121, 51, 0
L_00000029,Mixed Integer Linear Programming, true, 60.0, 0.029, 265, 265, 2, 121, 51, 0
L_00000030,Mixed Integer Linear Programming, true, 60.0, 0.048, 311, 311, 2, 121, 51, 0
L_00000031,Mixed Integer Linear Programming, true, 60.0, 0.030, 309, 309, 2, 121, 51, 0
L_00000032,Mixed Integer Linear Programming, true, 60.0, 0.061, 373, 373, 2, 121, 51, 0
L_00000033,Mixed Integer Linear Programming, true, 60.0, 0.036, 240, 240, 2, 121, 51, 0
L_00000034,Mixed Integer Linear Programming, true, 60.0, 0.012, 182, 182, 2, 121, 51, 0
L_00000035,Mixed Integer Linear Programming, true, 60.0, 0.032, 320, 320, 2, 121, 51, 0
L_00000036,Mixed Integer Linear Programming, true, 60.0, 0.030, 265, 265, 2, 121, 51, 0
L_00000037,Mixed Integer Linear Programming, true, 60.0, 0.030, 269, 269, 2, 121, 51, 0
L_00000038,Mixed Integer Linear Programming, true, 60.0, 0.071, 229, 229, 2, 121, 51, 0
L_00000039,Mixed Integer Linear Programming, true, 60.0, 0.041, 301, 301, 2, 121, 51, 0
L_00000040,Mixed Integer Linear Programming, true, 60.0, 0.028, 253, 253, 2, 121, 51, 0
L_00000041,Mixed Integer Linear Programming, true, 60.0, 0.029, 287, 287, 2, 121, 51, 0
L_00000042,Mixed Integer Linear Programming, true, 60.0, 0.043, 311, 311, 2, 121, 51, 0
L_00000043,Mixed Integer Linear Programming, true, 60.0, 0.041, 236, 236, 2, 121, 51, 0
L_00000044,Mixed Integer Linear Programming, true, 60.0, 0.053, 302, 302, 2, 121, 51, 0
L_00000045,Mixed Integer Linear Programming, true, 60.0, 0.090, 262, 262, 2, 121, 51, 0
L_00000046,Mixed Integer Linear Programming, true, 60.0, 0.011, 171, 171, 2, 121, 51, 0
L_00000047,Mixed Integer Linear Programming, true, 60.0, 0.013, 189, 189, 2, 121, 51, 0
L_00000048,Mixed Integer Linear Programming, true, 60.0, 0.074, 310, 310, 2, 121, 51, 0
L_00000049,Mixed Integer Linear Programming, true, 60.0, 0.038, 274, 274, 2, 121, 51, 0
L_00000050,Mixed Integer Linear Programming, true, 60.0, 0.143, 468, 468, 2, 441, 101, 0
L_00000051,Mixed Integer Linear Programming, true, 60.0, 0.117, 315, 315, 2, 441, 101, 0
L_00000052,Mixed Integer Linear Programming, true, 60.0, 0.213, 445, 445, 2, 441, 101, 0
L_00000053,Mixed Integer Linear Programming, true, 60.0, 0.177, 572, 572, 2, 441, 101, 0
L_00000054,Mixed Integer Linear Programming, true, 60.0, 0.146, 519, 519, 2, 441, 101, 0
L_00000055,Mixed Integer Linear Programming, true, 60.0, 0.149, 540, 540, 2, 441, 101, 0
L_00000056,Mixed Integer Linear Programming, true, 60.0, 0.170, 484, 484, 2, 441, 101, 0
L_00000057,Mixed Integer Linear Programming, true, 60.0, 3.532, 673, 673, 2, 441, 101, 0
L_00000058,Mixed Integer Linear Programming, true, 60.0, 0.185, 545, 545, 2, 441, 101, 0
L_00000059,Mixed Integer Linear Programming, true, 60.0, 0.175, 524, 524, 2, 441, 101, 0
L_00000060,Mixed Integer Linear Programming, true, 60.0, 0.131, 552, 552, 2, 441, 101, 0
L_00000061,Mixed Integer Linear Programming, true, 60.0, 0.178, 549, 549, 2, 441, 101, 0
L_00000062,Mixed Integer Linear Programming, true, 60.0, 0.152, 567, 567, 2, 441, 101, 0
L_00000063,Mixed Integer Linear Programming, true, 60.0, 0.209, 525, 525, 2, 441, 101, 0
L_00000064,Mixed Integer Linear Programming, true, 60.0, 0.223, 624, 624, 2, 441, 101, 0
L_00000065,Mixed Integer Linear Programming, true, 60.0, 0.157, 551, 551, 2, 441, 101, 0
L_00000066,Mixed Integer Linear Programming, true, 60.0, 0.157, 555, 555, 2, 441, 101, 0
L_00000067,Mixed Integer Linear Programming, true, 60.0, 0.160, 588, 588, 2, 441, 101, 0
L_00000068,Mixed Integer Linear Programming, true, 60.0, 0.165, 402, 402, 2, 441, 101, 0
L_00000069,Mixed Integer Linear Programming, true, 60.0, 0.119, 359, 359, 2, 441, 101, 0
L_00000070,Mixed Integer Linear Programming, true, 60.0, 0.153, 511, 511, 2, 441, 101, 0
L_00000071,Mixed Integer Linear Programming, true, 60.0, 0.124, 516, 516, 2, 441, 101, 0
L_00000072,Mixed Integer Linear Programming, true, 60.0, 0.153, 492, 492, 2, 441, 101, 0
L_00000073,Mixed Integer Linear Programming, true, 60.0, 0.194, 555, 555, 2, 441, 101, 0
L_00000074,Mixed Integer Linear Programming, true, 60.0, 0.142, 588, 588, 2, 441, 101, 0
L_00000075,Mixed Integer Linear Programming, true, 60.0, 0.159, 500, 500, 2, 441, 101, 0
L_00000076,Mixed Integer Linear Programming, true, 60.0, 0.384, 453, 453, 2, 441, 101, 0
L_00000077,Mixed Integer Linear Programming, true, 60.0, 0.141, 530, 530, 2, 441, 101, 0
L_00000078,Mixed Integer Linear Programming, true, 60.0, 0.146, 614, 614, 2, 441, 101, 0
L_00000079,Mixed Integer Linear Programming, true, 60.0, 0.148, 595, 595, 2, 441, 101, 0
L_00000080,Mixed Integer Linear Programming, true, 60.0, 0.200, 527, 527, 2, 441, 101, 0
L_00000081,Mixed Integer Linear Programming, true, 60.0, 0.127, 543, 543, 2, 441, 101, 0
L_00000082,Mixed Integer Linear Programming, true, 60.0, 0.119, 619, 619, 2, 441, 101, 0
L_00000083,Mixed Integer Linear Programming, true, 60.0, 0.181, 518, 518, 2, 441, 101, 0
L_00000084,Mixed Integer Linear Programming, true, 60.0, 0.156, 537, 537, 2, 441, 101, 0
L_00000085,Mixed Integer Linear Programming, true, 60.0, 0.189, 480, 480, 2, 441, 101, 0
L_00000086,Mixed Integer Linear Programming, true, 60.0, 0.143, 517, 517, 2, 441, 101, 0
L_00000087,Mixed Integer Linear Programming, true, 60.0, 4.446, 449, 449, 2, 441, 101, 0
L_00000088,Mixed Integer Linear Programming, true, 60.0, 0.178, 594, 594, 2, 441, 101, 0
L_00000089,Mixed Integer Linear Programming, true, 60.0, 0.169, 615, 615, 2, 441, 101, 0
L_00000090,Mixed Integer Linear Programming, true, 60.0, 0.137, 512, 512, 2, 441, 101, 0
L_00000091,Mixed Integer Linear Programming, true, 60.0, 0.202, 516, 516, 2, 441, 101, 0
L_00000092,Mixed Integer Linear Programming, true, 60.0, 0.158, 538, 538, 2, 441, 101, 0
L_00000093,Mixed Integer Linear Programming, true, 60.0, 0.149, 516, 516, 2, 441, 101, 0
L_00000094,Mixed Integer Linear Programming, true, 60.0, 0.134, 615, 615, 2, 441, 101, 0
L_00000095,Mixed Integer Linear Programming, true, 60.0, 0.215, 672, 672, 2, 441, 101, 0
L_00000096,Mixed Integer Linear Programming, true, 60.0, 0.192, 580, 580, 2, 441, 101, 0
L_00000097,Mixed Integer Linear Programming, true, 60.0, 0.404, 723, 723, 2, 441, 101, 0
L_00000098,Mixed Integer Linear Programming, true, 60.0, 0.044, 633, 633, 2, 441, 101, 0
L_00000099,Mixed Integer Linear Programming, true, 60.0, 0.106, 451, 451, 2, 441, 101, 0
L_00000100,Mixed Integer Linear Programming, true, 60.0, 0.151, 858, 858, 2, 961, 151, 0
L_00000101,Mixed Integer Linear Programming, true, 60.0, 0.072, 855, 855, 2, 961, 151, 0
L_00000102,Mixed Integer Linear Programming, true, 60.0, 0.357, 936, 936, 2, 961, 151, 0
L_00000103,Mixed Integer Linear Programming, true, 60.0, 0.497, 893, 893, 2, 961, 151, 0
L_00000104,Mixed Integer Linear Programming, true, 60.0, 0.328, 726, 726, 2, 961, 151, 0
L_00000105,Mixed Integer Linear Programming, true, 60.0, 0.389, 834, 834, 2, 961, 151, 0
L_00000106,Mixed Integer Linear Programming, true, 60.0, 0.403, 843, 843, 2, 961, 151, 0
L_00000107,Mixed Integer Linear Programming, true, 60.0, 0.715, 933, 933, 2, 961, 151, 0
L_00000108,Mixed Integer Linear Programming, true, 60.0, 0.383, 805, 805, 2, 961, 151, 0
L_00000109,Mixed Integer Linear Programming, true, 60.0, 0.347, 897, 897, 2, 961, 151, 0
L_00000110,Mixed Integer Linear Programming, true, 60.0, 0.337, 783, 783, 2, 961, 151, 0
L_00000111,Mixed Integer Linear Programming, true, 60.0, 0.356, 807, 807, 2, 961, 151, 0
L_00000112,Mixed Integer Linear Programming, true, 60.0, 0.441, 758, 758, 2, 961, 151, 0
L_00000113,Mixed Integer Linear Programming, true, 60.0, 0.315, 782, 782, 2, 961, 151, 0
L_00000114,Mixed Integer Linear Programming, true, 60.0, 0.381, 987, 987, 2, 961, 151, 0
L_00000115,Mixed Integer Linear Programming, true, 60.0, 0.340, 813, 813, 2, 961, 151, 0
L_00000116,Mixed Integer Linear Programming, true, 60.0, 0.304, 784, 784, 2, 961, 151, 0
L_00000117,Mixed Integer Linear Programming, true, 60.0, 0.393, 900, 900, 2, 961, 151, 0
L_00000118,Mixed Integer Linear Programming, true, 60.0, 0.374, 850, 850, 2, 961, 151, 0
L_00000119,Mixed Integer Linear Programming, true, 60.0, 0.355, 932, 932, 2, 961, 151, 0
L_00000120,Mixed Integer Linear Programming, true, 60.0, 0.268, 1079, 1079, 2, 961, 151, 0
L_00000121,Mixed Integer Linear Programming, true, 60.0, 0.320, 817, 817, 2, 961, 151, 0
L_00000122,Mixed Integer Linear Programming, true, 60.0, 0.285, 743, 743, 2, 961, 151, 0
L_00000123,Mixed Integer Linear Programming, true, 60.0, 0.380, 810, 810, 2, 961, 151, 0
L_00000124,Mixed Integer Linear Programming, true, 60.0, 0.343, 809, 809, 2, 961, 151, 0
L_00000125,Mixed Integer Linear Programming, true, 60.0, 0.350, 847, 847, 2, 961, 151, 0
L_00000126,Mixed Integer Linear Programming, true, 60.0, 0.393, 811, 811, 2, 961, 151, 0
L_00000127,Mixed Integer Linear Programming, true, 60.0, 0.342, 915, 915, 2, 961, 151, 0
L_00000128,Mixed Integer Linear Programming, true, 60.0, 0.304, 823, 823, 2, 961, 151, 0
L_00000129,Mixed Integer Linear Programming, true, 60.0, 0.342, 828, 828, 2, 961, 151, 0
L_00000130,Mixed Integer Linear Programming, true, 60.0, 0.387, 833, 833, 2, 961, 151, 0
L_00000131,Mixed Integer Linear Programming, true, 60.0, 0.438, 1044, 1044, 2, 961, 151, 0
L_00000132,Mixed Integer Linear Programming, true, 60.0, 0.396, 850, 850, 2, 961, 151, 0
L_00000133,Mixed Integer Linear Programming, true, 60.0, 0.418, 820, 820, 2, 961, 151, 0
L_00000134,Mixed Integer Linear Programming, true, 60.0, 0.431, 886, 886, 2, 961, 151, 0
L_00000135,Mixed Integer Linear Programming, true, 60.0, 0.397, 961, 961, 2, 961, 151, 0
L_00000136,Mixed Integer Linear Programming, true, 60.0, 0.307, 832, 832, 2, 961, 151, 0
L_00000137,Mixed Integer Linear Programming, true, 60.0, 0.383, 801, 801, 2, 961, 151, 0
L_00000138,Mixed Integer Linear Programming, true, 60.0, 0.320, 838, 838, 2, 961, 151, 0
L_00000139,Mixed Integer Linear Programming, true, 60.0, 0.317, 908, 908, 2, 961, 151, 0
L_00000140,Mixed Integer Linear Programming, true, 60.0, 0.374, 834, 834, 2, 961, 151, 0
L_00000141,Mixed Integer Linear Programming, true, 60.0, 0.376, 680, 680, 2, 961, 151, 0
L_00000142,Mixed Integer Linear Programming, true, 60.0, 0.284, 713, 713, 2, 961, 151, 0
L_00000143,Mixed Integer Linear Programming, true, 60.0, 0.276, 755, 755, 2, 961, 151, 0
L_00000144,Mixed Integer Linear Programming, true, 60.0, 0.412, 775, 775, 2, 961, 151, 0
L_00000145,Mixed Integer Linear Programming, true, 60.0, 0.313, 789, 789, 2, 961, 151, 0
L_00000146,Mixed Integer Linear Programming, true, 60.0, 0.334, 836, 836, 2, 961, 151, 0
L_00000147,Mixed Integer Linear Programming, true, 60.0, 0.336, 772, 772, 2, 961, 151, 0
L_00000148,Mixed Integer Linear Programming, true, 60.0, 0.340, 825, 825, 2, 961, 151, 0
L_00000149,Mixed Integer Linear Programming, true, 60.0, 0.318, 814, 814, 2, 961, 151, 0
L_00000150,Mixed Integer Linear Programming, true, 60.0, 0.888, 1220, 1220, 2, 1681, 201, 0
L_00000151,Mixed Integer Linear Programming, true, 60.0, 0.780, 1140, 1140, 2, 1681, 201, 0
L_00000152,Mixed Integer Linear Programming, true, 60.0, 0.683, 1049, 1049, 2, 1681, 201, 0
L_00000153,Mixed Integer Linear Programming, true, 60.0, 0.542, 1151, 1151, 2, 1681, 201, 0
L_00000154,Mixed Integer Linear Programming, true, 60.0, 0.520, 988, 988, 2, 1681, 201, 0
L_00000155,Mixed Integer Linear Programming, true, 60.0, 0.531, 1186, 1186, 2, 1681, 201, 0
L_00000156,Mixed Integer Linear Programming, true, 60.0, 0.585, 1162, 1162, 2, 1681, 201, 0
L_00000157,Mixed Integer Linear Programming, true, 60.0, 0.916, 1247, 1247, 2, 1681, 201, 0
L_00000158,Mixed Integer Linear Programming, true, 60.0, 0.789, 1174, 1174, 2, 1681, 201, 0
L_00000159,Mixed Integer Linear Programming, true, 60.0, 0.783, 1198, 1198, 2, 1681, 201, 0
L_00000160,Mixed Integer Linear Programming, true, 60.0, 1.849, 1323, 1323, 2, 1681, 201, 0
L_00000161,Mixed Integer Linear Programming, true, 60.0, 0.670, 1024, 1024, 2, 1681, 201, 0
L_00000162,Mixed Integer Linear Programming, true, 60.0, 1.291, 1133, 1133, 2, 1681, 201, 0
L_00000163,Mixed Integer Linear Programming, true, 60.0, 0.946, 1130, 1130, 2, 1681, 201, 0
L_00000164,Mixed Integer Linear Programming, true, 60.0, 0.715, 1158, 1158, 2, 1681, 201, 0
L_00000165,Mixed Integer Linear Programming, true, 60.0, 1.345, 1117, 1117, 2, 1681, 201, 0
L_00000166,Mixed Integer Linear Programming, true, 60.0, 0.651, 1055, 1055, 2, 1681, 201, 0
L_00000167,Mixed Integer Linear Programming, true, 60.0, 0.578, 1286, 1286, 2, 1681, 201, 0
L_00000168,Mixed Integer Linear Programming, true, 60.0, 0.662, 1246, 1246, 2, 1681, 201, 0
L_00000169,Mixed Integer Linear Programming, true, 60.0, 0.533, 1044, 1044, 2, 1681, 201, 0
L_00000170,Mixed Integer Linear Programming, true, 60.0, 0.659, 1022, 1022, 2, 1681, 201, 0
L_00000171,Mixed Integer Linear Programming, true, 60.0, 0.617, 1079, 1079, 2, 1681, 201, 0
L_00000172,Mixed Integer Linear Programming, true, 60.0, 0.956, 1176, 1176, 2, 1681, 201, 0
L_00000173,Mixed Integer Linear Programming, true, 60.0, 0.510, 1074, 1074, 2, 1681, 201, 0
L_00000174,Mixed Integer Linear Programming, true, 60.0, 0.594, 1111, 1111, 2, 1681, 201, 0
L_00000175,Mixed Integer Linear Programming, true, 60.0, 0.715, 1113, 1113, 2, 1681, 201, 0
L_00000176,Mixed Integer Linear Programming, true, 60.0, 0.574, 1005, 1005, 2, 1681, 201, 0
L_00000177,Mixed Integer Linear Programming, true, 60.0, 0.592, 1181, 1181, 2, 1681, 201, 0
L_00000178,Mixed Integer Linear Programming, true, 60.0, 0.930, 1139, 1139, 2, 1681, 201, 0
L_00000179,Mixed Integer Linear Programming, true, 60.0, 0.533, 1203, 1203, 2, 1681, 201, 0
L_00000180,Mixed Integer Linear Programming, true, 60.0, 0.705, 1058, 1058, 2, 1681, 201, 0
L_00000181,Mixed Integer Linear Programming, true, 60.0, 0.706, 1290, 1290, 2, 1681, 201, 0
L_00000182,Mixed Integer Linear Programming, true, 60.0, 0.678, 1238, 1238, 2, 1681, 201, 0
L_00000183,Mixed Integer Linear Programming, true, 60.0, 2.189, 1109, 1109, 2, 1681, 201, 0
L_00000184,Mixed Integer Linear Programming, true, 60.0, 0.580, 1062, 1062, 2, 1681, 201, 0
L_00000185,Mixed Integer Linear Programming, true, 60.0, 0.664, 1047, 1047, 2, 1681, 201, 0
L_00000186,Mixed Integer Linear Programming, true, 60.0, 0.565, 1025, 1025, 2, 1681, 201, 0
L_00000187,Mixed Integer Linear Programming, true, 60.0, 0.603, 967, 967, 2, 1681, 201, 0
L_00000188,Mixed Integer Linear Programming, true, 60.0, 1.260, 1138, 1138, 2, 1681, 201, 0
L_00000189,Mixed Integer Linear Programming, true, 60.0, 0.611, 1171, 1171, 2, 1681, 201, 0
L_00000190,Mixed Integer Linear Programming, true, 60.0, 0.091, 1075, 1075, 2, 1681, 201, 0
L_00000191,Mixed Integer Linear Programming, true, 60.0, 0.672, 1000, 1000, 2, 1681, 201, 0
L_00000192,Mixed Integer Linear Programming, true, 60.0, 0.985, 1197, 1197, 2, 1681, 201, 0
L_00000193,Mixed Integer Linear Programming, true, 60.0, 0.844, 1224, 1224, 2, 1681, 201, 0
L_00000194,Mixed Integer Linear Programming, true, 60.0, 0.590, 1170, 1170, 2, 1681, 201, 0
L_00000195,Mixed Integer Linear Programming, true, 60.0, 0.545, 939, 939, 2, 1681, 201, 0
L_00000196,Mixed Integer Linear Programming, true, 60.0, 0.623, 1126, 1126, 2, 1681, 201, 0
L_00000197,Mixed Integer Linear Programming, true, 60.0, 0.616, 1015, 1015, 2, 1681, 201, 0
L_00000198,Mixed Integer Linear Programming, true, 60.0, 0.696, 1236, 1236, 2, 1681, 201, 0
L_00000199,Mixed Integer Linear Programming, true, 60.0, 0.621, 1200, 1200, 2, 1681, 201, 0
L_00000200,Mixed Integer Linear Programming, true, 60.0, 1.783, 1593, 1593, 2, 2601, 251, 0
L_00000201,Mixed Integer Linear Programming, true, 60.0, 1.366, 1545, 1545, 2, 2601, 251, 0
L_00000202,Mixed Integer Linear Programming, true, 60.0, 0.701, 1276, 1276, 2, 2601, 251, 0
L_00000203,Mixed Integer Linear Programming, true, 60.0, 1.000, 1450, 1450, 2, 2601, 251, 0
L_00000204,Mixed Integer Linear Programming, true, 60.0, 0.646, 1505, 1505, 2, 2601, 251, 0
L_00000205,Mixed Integer Linear Programming, true, 60.0, 1.103, 1385, 1385, 2, 2601, 251, 0
L_00000206,Mixed Integer Linear Programming, true, 60.0, 1.494, 1606, 1606, 2, 2601, 251, 0
L_00000207,Mixed Integer Linear Programming, true, 60.0, 0.781, 1348, 1348, 2, 2601, 251, 0
L_00000208,Mixed Integer Linear Programming, true, 60.0, 0.604, 1219, 1219, 2, 2601, 251, 0
L_00000209,Mixed Integer Linear Programming, true, 60.0, 0.874, 1239, 1239, 2, 2601, 251, 0
L_00000210,Mixed Integer Linear Programming, true, 60.0, 0.889, 1501, 1501, 2, 2601, 251, 0
L_00000211,Mixed Integer Linear Programming, true, 60.0, 1.143, 1214, 1214, 2, 2601, 251, 0
L_00000212,Mixed Integer Linear Programming, true, 60.0, 0.794, 1389, 1389, 2, 2601, 251, 0
L_00000213,Mixed Integer Linear Programming, true, 60.0, 1.080, 1459, 1459, 2, 2601, 251, 0
L_00000214,Mixed Integer Linear Programming, true, 60.0, 0.959, 1367, 1367, 2, 2601, 251, 0
L_00000215,Mixed Integer Linear Programming, true, 60.0, 2.560, 1551, 1551, 2, 2601, 251, 0
L_00000216,Mixed Integer Linear Programming, true, 60.0, 0.814, 1299, 1299, 2, 2601, 251, 0
L_00000217,Mixed Integer Linear Programming, true, 60.0, 0.586, 1448, 1448, 2, 2601, 251, 0
L_00000218,Mixed Integer Linear Programming, true, 60.0, 1.142, 1552, 1552, 2, 2601, 251, 0
L_00000219,Mixed Integer Linear Programming, true, 60.0, 1.022, 1433, 1433, 2, 2601, 251, 0
L_00000220,Mixed Integer Linear Programming, true, 60.0, 1.046, 1492, 1492, 2, 2601, 251, 0
L_00000221,Mixed Integer Linear Programming, true, 60.0, 1.741, 1556, 1556, 2, 2601, 251, 0
L_00000222,Mixed Integer Linear Programming, true, 60.0, 1.086, 1368, 1368, 2, 2601, 251, 0
L_00000223,Mixed Integer Linear Programming, true, 60.0, 1.336, 1370, 1370, 2, 2601, 251, 0
L_00000224,Mixed Integer Linear Programming, true, 60.0, 1.331, 1520, 1520, 2, 2601, 251, 0
L_00000225,Mixed Integer Linear Programming, true, 60.0, 1.317, 1502, 1502, 2, 2601, 251, 0
L_00000226,Mixed Integer Linear Programming, true, 60.0, 1.483, 1280, 1280, 2, 2601, 251, 0
L_00000227,Mixed Integer Linear Programming, true, 60.0, 2.441, 1623, 1623, 2, 2601, 251, 0
L_00000228,Mixed Integer Linear Programming, true, 60.0, 1.482, 1356, 1356, 2, 2601, 251, 0
L_00000229,Mixed Integer Linear Programming, true, 60.0, 0.534, 1394, 1394, 2, 2601, 251, 0
L_00000230,Mixed Integer Linear Programming, true, 60.0, 1.040, 1415, 1415, 2, 2601, 251, 0
L_00000231,Mixed Integer Linear Programming, true, 60.0, 0.814, 1157, 1157, 2, 2601, 251, 0
L_00000232,Mixed Integer Linear Programming, true, 60.0, 0.496, 1291, 1291, 2, 2601, 251, 0
L_00000233,Mixed Integer Linear Programming, true, 60.0, 1.531, 1247, 1247, 2, 2601, 251, 0
L_00000234,Mixed Integer Linear Programming, true, 60.0, 1.621, 1581, 1581, 2, 2601, 251, 0
L_00000235,Mixed Integer Linear Programming, true, 60.0, 0.986, 1246, 1246, 2, 2601, 251, 0
L_00000236,Mixed Integer Linear Programming, true, 60.0, 0.840, 1431, 1431, 2, 2601, 251, 0
L_00000237,Mixed Integer Linear Programming, true, 60.0, 0.878, 1357, 1357, 2, 2601, 251, 0
L_00000238,Mixed Integer Linear Programming, true, 60.0, 0.584, 1361, 1361, 2, 2601, 251, 0
L_00000239,Mixed Integer Linear Programming, false, 60.0, 0.961, 不可行, 1480, 2, 2601, 251, 0
L_00000240,Mixed Integer Linear Programming, true, 60.0, 1.067, 1492, 1492, 2, 2601, 251, 0
L_00000241,Mixed Integer Linear Programming, true, 60.0, 0.875, 1469, 1469, 2, 2601, 251, 0
L_00000242,Mixed Integer Linear Programming, true, 60.0, 0.911, 1393, 1393, 2, 2601, 251, 0
L_00000243,Mixed Integer Linear Programming, true, 60.0, 0.894, 1484, 1484, 2, 2601, 251, 0
L_00000244,Mixed Integer Linear Programming, true, 60.0, 1.057, 1355, 1355, 2, 2601, 251, 0
L_00000245,Mixed Integer Linear Programming, true, 60.0, 1.824, 1436, 1436, 2, 2601, 251, 0
L_00000246,Mixed Integer Linear Programming, true, 60.0, 0.797, 1518, 1518, 2, 2601, 251, 0
L_00000247,Mixed Integer Linear Programming, true, 60.0, 1.037, 1554, 1554, 2, 2601, 251, 0
L_00000248,Mixed Integer Linear Programming, true, 60.0, 0.930, 1491, 1491, 2, 2601, 251, 0
L_00000249,Mixed Integer Linear Programming, true, 60.0, 0.483, 1448, 1448, 2, 2601, 251, 0
L_00000250,Mixed Integer Linear Programming, true, 60.0, 2.813, 1891, 1891, 2, 3721, 301, 0
L_00000251,Mixed Integer Linear Programming, true, 60.0, 1.616, 1618, 1618, 2, 3721, 301, 0
L_00000252,Mixed Integer Linear Programming, true, 60.0, 1.411, 1653, 1653, 2, 3721, 301, 0
L_00000253,Mixed Integer Linear Programming, true, 60.0, 2.011, 1575, 1575, 2, 3721, 301, 0
L_00000254,Mixed Integer Linear Programming, true, 60.0, 1.168, 1937, 1937, 2, 3721, 301, 0
L_00000255,Mixed Integer Linear Programming, true, 60.0, 1.226, 1631, 1631, 2, 3721, 301, 0
L_00000256,Mixed Integer Linear Programming, true, 60.0, 1.868, 1647, 1647, 2, 3721, 301, 0
L_00000257,Mixed Integer Linear Programming, true, 60.0, 3.016, 1797, 1797, 2, 3721, 301, 0
L_00000258,Mixed Integer Linear Programming, true, 60.0, 1.155, 1635, 1635, 2, 3721, 301, 0
L_00000259,Mixed Integer Linear Programming, true, 60.0, 1.941, 1499, 1499, 2, 3721, 301, 0
L_00000260,Mixed Integer Linear Programming, true, 60.0, 2.159, 1670, 1670, 2, 3721, 301, 0
L_00000261,Mixed Integer Linear Programming, true, 60.0, 2.062, 1793, 1793, 2, 3721, 301, 0
L_00000262,Mixed Integer Linear Programming, true, 60.0, 1.462, 1672, 1672, 2, 3721, 301, 0
L_00000263,Mixed Integer Linear Programming, true, 60.0, 1.713, 1614, 1614, 2, 3721, 301, 0
L_00000264,Mixed Integer Linear Programming, true, 60.0, 1.929, 1637, 1637, 2, 3721, 301, 0
L_00000265,Mixed Integer Linear Programming, true, 60.0, 1.559, 1813, 1813, 2, 3721, 301, 0
L_00000266,Mixed Integer Linear Programming, true, 60.0, 2.873, 1859, 1859, 2, 3721, 301, 0
L_00000267,Mixed Integer Linear Programming, true, 60.0, 1.107, 1615, 1615, 2, 3721, 301, 0
L_00000268,Mixed Integer Linear Programming, true, 60.0, 2.417, 1727, 1727, 2, 3721, 301, 0
L_00000269,Mixed Integer Linear Programming, true, 60.0, 1.913, 1794, 1794, 2, 3721, 301, 0
L_00000270,Mixed Integer Linear Programming, true, 60.0, 2.824, 1552, 1552, 2, 3721, 301, 0
L_00000271,Mixed Integer Linear Programming, true, 60.0, 1.705, 1559, 1559, 2, 3721, 301, 0
L_00000272,Mixed Integer Linear Programming, true, 60.0, 1.770, 1698, 1698, 2, 3721, 301, 0
L_00000273,Mixed Integer Linear Programming, true, 60.0, 3.583, 1833, 1833, 2, 3721, 301, 0
L_00000274,Mixed Integer Linear Programming, true, 60.0, 1.497, 1566, 1566, 2, 3721, 301, 0
L_00000275,Mixed Integer Linear Programming, true, 60.0, 1.329, 1721, 1721, 2, 3721, 301, 0
L_00000276,Mixed Integer Linear Programming, true, 60.0, 4.742, 1794, 1794, 2, 3721, 301, 0
L_00000277,Mixed Integer Linear Programming, true, 60.0, 2.172, 1847, 1847, 2, 3721, 301, 0
L_00000278,Mixed Integer Linear Programming, true, 60.0, 1.370, 1462, 1462, 2, 3721, 301, 0
L_00000279,Mixed Integer Linear Programming, true, 60.0, 1.005, 1647, 1647, 2, 3721, 301, 0
L_00000280,Mixed Integer Linear Programming, true, 60.0, 1.087, 1647, 1647, 2, 3721, 301, 0
L_00000281,Mixed Integer Linear Programming, true, 60.0, 1.131, 1657, 1657, 2, 3721, 301, 0
L_00000282,Mixed Integer Linear Programming, true, 60.0, 1.476, 1614, 1614, 2, 3721, 301, 0
L_00000283,Mixed Integer Linear Programming, true, 60.0, 2.165, 1884, 1884, 2, 3721, 301, 0
L_00000284,Mixed Integer Linear Programming, true, 60.0, 1.548, 1774, 1774, 2, 3721, 301, 0
L_00000285,Mixed Integer Linear Programming, true, 60.0, 1.361, 1585, 1585, 2, 3721, 301, 0
L_00000286,Mixed Integer Linear Programming, true, 60.0, 5.058, 1782, 1782, 2, 3721, 301, 0
L_00000287,Mixed Integer Linear Programming, true, 60.0, 1.626, 1618, 1618, 2, 3721, 301, 0
L_00000288,Mixed Integer Linear Programming, true, 60.0, 1.354, 1629, 1629, 2, 3721, 301, 0
L_00000289,Mixed Integer Linear Programming, true, 60.0, 1.944, 1578, 1578, 2, 3721, 301, 0
L_00000290,Mixed Integer Linear Programming, true, 60.0, 1.078, 1625, 1625, 2, 3721, 301, 0
L_00000291,Mixed Integer Linear Programming, true, 60.0, 5.431, 1832, 1832, 2, 3721, 301, 0
L_00000292,Mixed Integer Linear Programming, true, 60.0, 2.224, 1773, 1773, 2, 3721, 301, 0
L_00000293,Mixed Integer Linear Programming, true, 60.0, 2.314, 1674, 1674, 2, 3721, 301, 0
L_00000294,Mixed Integer Linear Programming, true, 60.0, 3.658, 1668, 1668, 2, 3721, 301, 0
L_00000295,Mixed Integer Linear Programming, true, 60.0, 1.494, 1706, 1706, 2, 3721, 301, 0
L_00000296,Mixed Integer Linear Programming, true, 60.0, 1.825, 1443, 1443, 2, 3721, 301, 0
L_00000297,Mixed Integer Linear Programming, true, 60.0, 1.963, 1721, 1721, 2, 3721, 301, 0
L_00000298,Mixed Integer Linear Programming, true, 60.0, 2.330, 1831, 1831, 2, 3721, 301, 0
L_00000299,Mixed Integer Linear Programming, true, 60.0, 1.593, 1726, 1726, 2, 3721, 301, 0
L_00000300,Mixed Integer Linear Programming, true, 60.0, 2.935, 1814, 1814, 2, 5041, 351, 0
L_00000301,Mixed Integer Linear Programming, true, 60.0, 2.856, 2075, 2075, 2, 5041, 351, 0
L_00000302,Mixed Integer Linear Programming, true, 60.0, 4.967, 1940, 1940, 2, 5041, 351, 0
L_00000303,Mixed Integer Linear Programming, true, 60.0, 1.840, 1993, 1993, 2, 5041, 351, 0
L_00000304,Mixed Integer Linear Programming, true, 60.0, 4.576, 2048, 2048, 2, 5041, 351, 0
L_00000305,Mixed Integer Linear Programming, true, 60.0, 2.438, 1879, 1879, 2, 5041, 351, 0
L_00000306,Mixed Integer Linear Programming, true, 60.0, 1.490, 1918, 1918, 2, 5041, 351, 0
L_00000307,Mixed Integer Linear Programming, true, 60.0, 2.601, 2159, 2159, 2, 5041, 351, 0
L_00000308,Mixed Integer Linear Programming, true, 60.0, 2.368, 1880, 1880, 2, 5041, 351, 0
L_00000309,Mixed Integer Linear Programming, true, 60.0, 2.269, 1945, 1945, 2, 5041, 351, 0
L_00000310,Mixed Integer Linear Programming, true, 60.0, 7.417, 1999, 1999, 2, 5041, 351, 0
L_00000311,Mixed Integer Linear Programming, true, 60.0, 2.611, 2095, 2095, 2, 5041, 351, 0
L_00000312,Mixed Integer Linear Programming, true, 60.0, 2.043, 1855, 1855, 2, 5041, 351, 0
L_00000313,Mixed Integer Linear Programming, true, 60.0, 2.493, 1865, 1865, 2, 5041, 351, 0
L_00000314,Mixed Integer Linear Programming, true, 60.0, 2.153, 1656, 1656, 2, 5041, 351, 0
L_00000315,Mixed Integer Linear Programming, true, 60.0, 3.477, 1792, 1792, 2, 5041, 351, 0
L_00000316,Mixed Integer Linear Programming, true, 60.0, 2.639, 1939, 1939, 2, 5041, 351, 0
L_00000317,Mixed Integer Linear Programming, true, 60.0, 2.270, 1995, 1995, 2, 5041, 351, 0
L_00000318,Mixed Integer Linear Programming, true, 60.0, 6.539, 2308, 2308, 2, 5041, 351, 0
L_00000319,Mixed Integer Linear Programming, true, 60.0, 2.692, 1734, 1734, 2, 5041, 351, 0
L_00000320,Mixed Integer Linear Programming, true, 60.0, 2.284, 1861, 1861, 2, 5041, 351, 0
L_00000321,Mixed Integer Linear Programming, true, 60.0, 3.052, 1923, 1923, 2, 5041, 351, 0
L_00000322,Mixed Integer Linear Programming, true, 60.0, 2.249, 2074, 2074, 2, 5041, 351, 0
L_00000323,Mixed Integer Linear Programming, true, 60.0, 5.626, 2013, 2013, 2, 5041, 351, 0
L_00000324,Mixed Integer Linear Programming, true, 60.0, 4.708, 2047, 2047, 2, 5041, 351, 0
L_00000325,Mixed Integer Linear Programming, true, 60.0, 2.376, 1840, 1840, 2, 5041, 351, 0
L_00000326,Mixed Integer Linear Programming, true, 60.0, 2.800, 1942, 1942, 2, 5041, 351, 0
L_00000327,Mixed Integer Linear Programming, true, 60.0, 4.217, 1554, 1554, 2, 5041, 351, 0
L_00000328,Mixed Integer Linear Programming, true, 60.0, 2.859, 1824, 1824, 2, 5041, 351, 0
L_00000329,Mixed Integer Linear Programming, true, 60.0, 1.878, 1805, 1805, 2, 5041, 351, 0
L_00000330,Mixed Integer Linear Programming, true, 60.0, 3.806, 1988, 1988, 2, 5041, 351, 0
L_00000331,Mixed Integer Linear Programming, true, 60.0, 2.482, 1795, 1795, 2, 5041, 351, 0
L_00000332,Mixed Integer Linear Programming, true, 60.0, 2.510, 1771, 1771, 2, 5041, 351, 0
L_00000333,Mixed Integer Linear Programming, true, 60.0, 2.293, 2000, 2000, 2, 5041, 351, 0
L_00000334,Mixed Integer Linear Programming, true, 60.0, 7.556, 2350, 2350, 2, 5041, 351, 0
L_00000335,Mixed Integer Linear Programming, true, 60.0, 6.765, 1796, 1796, 2, 5041, 351, 0
L_00000336,Mixed Integer Linear Programming, true, 60.0, 1.906, 1988, 1988, 2, 5041, 351, 0
L_00000337,Mixed Integer Linear Programming, true, 60.0, 1.020, 1960, 1960, 2, 5041, 351, 0
L_00000338,Mixed Integer Linear Programming, true, 60.0, 3.585, 1834, 1834, 2, 5041, 351, 0
L_00000339,Mixed Integer Linear Programming, true, 60.0, 3.964, 2083, 2083, 2, 5041, 351, 0
L_00000340,Mixed Integer Linear Programming, true, 60.0, 1.950, 1921, 1921, 2, 5041, 351, 0
L_00000341,Mixed Integer Linear Programming, true, 60.0, 2.846, 1854, 1854, 2, 5041, 351, 0
L_00000342,Mixed Integer Linear Programming, true, 60.0, 2.900, 2159, 2159, 2, 5041, 351, 0
L_00000343,Mixed Integer Linear Programming, true, 60.0, 3.968, 1935, 1935, 2, 5041, 351, 0
L_00000344,Mixed Integer Linear Programming, true, 60.0, 4.623, 2263, 2263, 2, 5041, 351, 0
L_00000345,Mixed Integer Linear Programming, true, 60.0, 2.833, 1719, 1719, 2, 5041, 351, 0
L_00000346,Mixed Integer Linear Programming, true, 60.0, 1.456, 1946, 1946, 2, 5041, 351, 0
L_00000347,Mixed Integer Linear Programming, true, 60.0, 2.703, 1819, 1819, 2, 5041, 351, 0
L_00000348,Mixed Integer Linear Programming, true, 60.0, 1.824, 1676, 1676, 2, 5041, 351, 0
L_00000349,Mixed Integer Linear Programming, true, 60.0, 2.263, 1710, 1710, 2, 5041, 351, 0
L_00000350,Mixed Integer Linear Programming, true, 60.0, 5.344, 2063, 2063, 2, 6561, 401, 0
L_00000351,Mixed Integer Linear Programming, true, 60.0, 7.721, 2123, 2123, 2, 6561, 401, 0
L_00000352,Mixed Integer Linear Programming, true, 60.0, 11.710, 2224, 2224, 2, 6561, 401, 0
L_00000353,Mixed Integer Linear Programming, true, 60.0, 5.127, 2076, 2076, 2, 6561, 401, 0
L_00000354,Mixed Integer Linear Programming, true, 60.0, 2.410, 2399, 2399, 2, 6561, 401, 0
L_00000355,Mixed Integer Linear Programming, true, 60.0, 8.557, 2036, 2036, 2, 6561, 401, 0
L_00000356,Mixed Integer Linear Programming, true, 60.0, 4.475, 2236, 2236, 2, 6561, 401, 0
L_00000357,Mixed Integer Linear Programming, true, 60.0, 25.088, 2180, 2180, 2, 6561, 401, 0
L_00000358,Mixed Integer Linear Programming, true, 60.0, 6.171, 2054, 2054, 2, 6561, 401, 0
L_00000359,Mixed Integer Linear Programming, true, 60.0, 11.826, 2233, 2233, 2, 6561, 401, 0
L_00000360,Mixed Integer Linear Programming, true, 60.0, 10.100, 2505, 2505, 2, 6561, 401, 0
L_00000361,Mixed Integer Linear Programming, true, 60.0, 6.509, 2279, 2279, 2, 6561, 401, 0
L_00000362,Mixed Integer Linear Programming, true, 60.0, 9.397, 2448, 2448, 2, 6561, 401, 0
L_00000363,Mixed Integer Linear Programming, true, 60.0, 3.749, 2171, 2171, 2, 6561, 401, 0
L_00000364,Mixed Integer Linear Programming, true, 60.0, 2.872, 2395, 2395, 2, 6561, 401, 0
L_00000365,Mixed Integer Linear Programming, true, 60.0, 7.942, 2300, 2300, 2, 6561, 401, 0
L_00000366,Mixed Integer Linear Programming, true, 60.0, 7.902, 2294, 2294, 2, 6561, 401, 0
L_00000367,Mixed Integer Linear Programming, true, 60.0, 8.070, 2423, 2423, 2, 6561, 401, 0
L_00000368,Mixed Integer Linear Programming, true, 60.0, 4.582, 2175, 2175, 2, 6561, 401, 0
L_00000369,Mixed Integer Linear Programming, true, 60.0, 8.376, 2357, 2357, 2, 6561, 401, 0
L_00000370,Mixed Integer Linear Programming, true, 60.0, 2.988, 2268, 2268, 2, 6561, 401, 0
L_00000371,Mixed Integer Linear Programming, true, 60.0, 2.979, 2390, 2390, 2, 6561, 401, 0
L_00000372,Mixed Integer Linear Programming, true, 60.0, 3.898, 2353, 2353, 2, 6561, 401, 0
L_00000373,Mixed Integer Linear Programming, true, 60.0, 10.720, 2458, 2458, 2, 6561, 401, 0
L_00000374,Mixed Integer Linear Programming, true, 60.0, 108.243, 2204, 2204, 2, 6561, 401, 0
L_00000375,Mixed Integer Linear Programming, true, 60.0, 5.385, 2392, 2392, 2, 6561, 401, 0
L_00000376,Mixed Integer Linear Programming, true, 60.0, 7.947, 2082, 2082, 2, 6561, 401, 0
L_00000377,Mixed Integer Linear Programming, true, 60.0, 11.774, 2237, 2237, 2, 6561, 401, 0
L_00000378,Mixed Integer Linear Programming, true, 60.0, 11.457, 2257, 2257, 2, 6561, 401, 0
L_00000379,Mixed Integer Linear Programming, true, 60.0, 84.499, 2375, 2375, 2, 6561, 401, 0
L_00000380,Mixed Integer Linear Programming, true, 60.0, 11.272, 2253, 2253, 2, 6561, 401, 0
L_00000381,Mixed Integer Linear Programming, true, 60.0, 2.033, 2020, 2020, 2, 6561, 401, 0
L_00000382,Mixed Integer Linear Programming, true, 60.0, 9.573, 2326, 2326, 2, 6561, 401, 0
L_00000383,Mixed Integer Linear Programming, true, 60.0, 3.701, 2169, 2169, 2, 6561, 401, 0
L_00000384,Mixed Integer Linear Programming, true, 60.0, 5.302, 2177, 2177, 2, 6561, 401, 0
L_00000385,Mixed Integer Linear Programming, true, 60.0, 9.354, 2383, 2383, 2, 6561, 401, 0
L_00000386,Mixed Integer Linear Programming, true, 60.0, 9.666, 2294, 2294, 2, 6561, 401, 0
L_00000387,Mixed Integer Linear Programming, true, 60.0, 7.434, 2285, 2285, 2, 6561, 401, 0
L_00000388,Mixed Integer Linear Programming, true, 60.0, 3.347, 2127, 2127, 2, 6561, 401, 0
L_00000389,Mixed Integer Linear Programming, true, 60.0, 7.007, 2325, 2325, 2, 6561, 401, 0
L_00000390,Mixed Integer Linear Programming, true, 60.0, 12.213, 2222, 2222, 2, 6561, 401, 0
L_00000391,Mixed Integer Linear Programming, true, 60.0, 4.217, 2099, 2099, 2, 6561, 401, 0
L_00000392,Mixed Integer Linear Programming, true, 60.0, 3.393, 2104, 2104, 2, 6561, 401, 0
